<?xml version="1.0" encoding="UTF-8"?>
<project-private xmlns="http://www.netbeans.org/ns/project-private/1">
    <editor-bookmarks xmlns="http://www.netbeans.org/ns/editor-bookmarks/2" lastBookmarkId="0"/>
    <open-files xmlns="http://www.netbeans.org/ns/projectui-open-files/2">
        <group>
            <file>file:/C:/Users/lukag/Desktop/School/CS142/Project%204/reservation-master/ReservationViewer/src/Viewer/AboutInformation.java</file>
            <file>file:/C:/Users/lukag/Desktop/School/CS142/Project%204/reservation-master/ReservationViewer/src/Viewer/HelpGui.java</file>
            <file>file:/C:/Users/lukag/Desktop/School/CS142/Project%204/reservation-master/ReservationViewer/src/Viewer/ViewerGUI.java</file>
        </group>
    </open-files>
</project-private>
